average,median,10th percentile,90th percentile,round_number
0.05343511450381679,0.05643879173290938,0.026955903271692748,0.08534482758620691,0
0.24173027989821882,0.24343434343434345,0.12682526661197704,0.3055675675675677,10
0.3231552162849873,0.3001638001638002,0.17031484257871066,0.4146875000000002,20
0.40966921119592875,0.3819479857215706,0.17183908045977012,0.6103125000000001,30
