average,median,10th percentile,90th percentile,round_number
0.05343511450381679,0.05643879173290938,0.026955903271692748,0.08534482758620691,0
0.2595419847328244,0.229874213836478,0.16470588235294117,0.36335483870967755,10
0.3320610687022901,0.28484848484848485,0.1857311320754717,0.5223286290322582,20
0.3549618320610687,0.3288288288288288,0.17031484257871066,0.495650337837838,30
