num_correct,num_samples,loss,client_id,round_number
19,252,3.646298050880432,c50f55b8,0
252,252,0.008369424380362034,c50f55b8,10
252,252,0.0036543846363201737,c50f55b8,20
252,252,0.002314645331352949,c50f55b8,30
252,252,0.001686860399786383,c50f55b8,40
252,252,0.0013227170857135206,c50f55b8,50
252,252,0.0010857968300115317,c50f55b8,60
252,252,0.0009194226731779054,c50f55b8,70
