num_correct,num_samples,loss,client_id,round_number
8,252,3.541442632675171,c50f55b8,0
252,252,0.006348358583636582,c50f55b8,10
252,252,0.002793769061099738,c50f55b8,20
252,252,0.0017746631638146937,c50f55b8,30
