num_correct,num_samples,loss,client_id,round_number
19,252,3.646298050880432,c50f55b8,0
252,252,0.008689837530255318,c50f55b8,10
