average,median,10th percentile,90th percentile,round_number
0.0013054830287206266,0.0,0.0,0.0,0
0.5078328981723238,0.5200757575757575,0.3664626682986536,0.5970046082949308,10
0.7010443864229765,0.6923076923076923,0.5835470085470086,0.8139016897081414,20
0.737597911227154,0.7467948717948718,0.6236111111111111,0.8223057644110277,30
