average,median,10th percentile,90th percentile,round_number
0.0013054830287206266,0.0,0.0,0.0,0
0.5065274151436031,0.5200757575757575,0.3664626682986536,0.5970046082949308,10
0.6971279373368147,0.7051282051282051,0.5590277777777778,0.8139016897081414,20
0.7336814621409922,0.7241014799154334,0.6236111111111111,0.8223057644110277,30
