average,median,10th percentile,90th percentile,round_number
0.042049620145566596,0.04102671996633705,0.021505376344086023,0.0641025641025641,0
