average,median,10th percentile,90th percentile,round_number
0.109375,0.109375,0.109375,0.109375,0
0.984375,0.984375,0.984375,0.984375,10
0.984375,0.984375,0.984375,0.984375,20
0.984375,0.984375,0.984375,0.984375,30
0.984375,0.984375,0.984375,0.984375,40
0.984375,0.984375,0.984375,0.984375,50
0.984375,0.984375,0.984375,0.984375,60
0.984375,0.984375,0.984375,0.984375,70
