average,median,10th percentile,90th percentile,round_number
0.05343511450381679,0.05643879173290938,0.026955903271692748,0.08534482758620691,0
0.2748091603053435,0.22477477477477478,0.14693627450980393,0.3923870967741936,10
0.3333333333333333,0.29634146341463413,0.19553140096618357,0.49173387096774207,20
0.3905852417302799,0.36317567567567566,0.17026675341574496,0.5409375000000001,30
