average,median,10th percentile,90th percentile,round_number
0.05343511450381679,0.05643879173290938,0.026955903271692748,0.08534482758620691,0
0.2099236641221374,0.1672794117647059,0.02432432432432433,0.4087804878048782,10
0.3155216284987277,0.2882882882882883,0.0863083164300203,0.501219512195122,20
0.3384223918575064,0.3225395206527282,0.18245614035087718,0.49148387096774204,30
