average,median,10th percentile,90th percentile,round_number
0.05343511450381679,0.05643879173290938,0.026955903271692748,0.08534482758620691,0
0.2684478371501272,0.22181372549019607,0.1346650998824912,0.42244444444444446,10
0.3651399491094148,0.3579749103942652,0.21518282988871226,0.5137246621621622,20
0.3969465648854962,0.3983548766157462,0.20620689655172414,0.5152871621621622,30
