average,median,10th percentile,90th percentile,round_number
0.03672680412371134,0.035759897828863345,0.024759887005649718,0.04901315789473685,0
